"Code du département","Libellé du département","Inscrits","Abstentions","Votants","Blancs","Nuls","Exprimés","Sexe","Nom","Prénom","Voix","Sexe","Nom","Prénom","Voix","Sexe","Nom","Prénom","Voix","Sexe","Nom","Prénom","Voix","Sexe","Nom","Prénom","Voix","Sexe","Nom","Prénom","Voix","Sexe","Nom","Prénom","Voix","Sexe","Nom","Prénom","Voix","Sexe","Nom","Prénom","Voix","Sexe","Nom","Prénom","Voix","Sexe","Nom","Prénom","Voix","Sexe","Nom","Prénom","Voix"
"01","Ain","438109",97541.,340568.,5641.,1903.,333024.,"F","ARTHAUD","Nathalie",1658.,"M","ROUSSEL","Fabien",5938.,"M","MACRON","Emmanuel",92206.,"M","LASSALLE","Jean",10876.,"F","LE PEN","Marine",86755.,"M","ZEMMOUR","Éric",27530.,"M","MÉLENCHON","Jean-Luc",57832.,"F","HIDALGO","Anne",5644.,"M","JADOT","Yannick",15843.,"F","PÉCRESSE","Valérie",17572.,"M","POUTOU","Philippe",2172.,"M","DUPONT-AIGNAN","Nicolas",8998.
"02","Aisne","373544",101089.,272455.,3767.,2828.,265860.,"F","ARTHAUD","Nathalie",2038.,"M","ROUSSEL","Fabien",5968.,"M","MACRON","Emmanuel",58721.,"M","LASSALLE","Jean",6468.,"F","LE PEN","Marine",104342.,"M","ZEMMOUR","Éric",18266.,"M","MÉLENCHON","Jean-Luc",41172.,"F","HIDALGO","Anne",2983.,"M","JADOT","Yannick",7074.,"F","PÉCRESSE","Valérie",10920.,"M","POUTOU","Philippe",2118.,"M","DUPONT-AIGNAN","Nicolas",5790.
"03","Allier","249991",58497.,191494.,3749.,1790.,185955.,"F","ARTHAUD","Nathalie",1359.,"M","ROUSSEL","Fabien",8119.,"M","MACRON","Emmanuel",49706.,"M","LASSALLE","Jean",7782.,"F","LE PEN","Marine",50315.,"M","ZEMMOUR","Éric",12361.,"M","MÉLENCHON","Jean-Luc",31013.,"F","HIDALGO","Anne",3280.,"M","JADOT","Yannick",5982.,"F","PÉCRESSE","Valérie",10319.,"M","POUTOU","Philippe",1503.,"M","DUPONT-AIGNAN","Nicolas",4216.
"04","Alpes-de-Haute-Provence","128075",29290.,98785.,1478.,624.,96683.,"F","ARTHAUD","Nathalie",505.,"M","ROUSSEL","Fabien",2721.,"M","MACRON","Emmanuel",20800.,"M","LASSALLE","Jean",4309.,"F","LE PEN","Marine",26010.,"M","ZEMMOUR","Éric",7926.,"M","MÉLENCHON","Jean-Luc",21856.,"F","HIDALGO","Anne",1396.,"M","JADOT","Yannick",3957.,"F","PÉCRESSE","Valérie",3834.,"M","POUTOU","Philippe",865.,"M","DUPONT-AIGNAN","Nicolas",2504.
"05","Hautes-Alpes","113519",25357.,88162.,1395.,532.,86235.,"F","ARTHAUD","Nathalie",428.,"M","ROUSSEL","Fabien",1925.,"M","MACRON","Emmanuel",20507.,"M","LASSALLE","Jean",3871.,"F","LE PEN","Marine",19696.,"M","ZEMMOUR","Éric",6164.,"M","MÉLENCHON","Jean-Luc",19718.,"F","HIDALGO","Anne",1459.,"M","JADOT","Yannick",5013.,"F","PÉCRESSE","Valérie",4511.,"M","POUTOU","Philippe",801.,"M","DUPONT-AIGNAN","Nicolas",2142.
"06","Alpes-Maritimes","778582",208250.,570332.,7550.,4007.,558775.,"F","ARTHAUD","Nathalie",1627.,"M","ROUSSEL","Fabien",8858.,"M","MACRON","Emmanuel",139707.,"M","LASSALLE","Jean",12767.,"F","LE PEN","Marine",148919.,"M","ZEMMOUR","Éric",78208.,"M","MÉLENCHON","Jean-Luc",92345.,"F","HIDALGO","Anne",5414.,"M","JADOT","Yannick",23374.,"F","PÉCRESSE","Valérie",31260.,"M","POUTOU","Philippe",2989.,"M","DUPONT-AIGNAN","Nicolas",13307.
"07","Ardèche","255859",54114.,201745.,3311.,1459.,196975.,"F","ARTHAUD","Nathalie",1219.,"M","ROUSSEL","Fabien",5710.,"M","MACRON","Emmanuel",45353.,"M","LASSALLE","Jean",9033.,"F","LE PEN","Marine",49594.,"M","ZEMMOUR","Éric",14199.,"M","MÉLENCHON","Jean-Luc",42837.,"F","HIDALGO","Anne",4189.,"M","JADOT","Yannick",8544.,"F","PÉCRESSE","Valérie",9553.,"M","POUTOU","Philippe",1817.,"M","DUPONT-AIGNAN","Nicolas",4927.
"08","Ardennes","186197",49368.,136829.,1909.,984.,133936.,"F","ARTHAUD","Nathalie",1081.,"M","ROUSSEL","Fabien",3009.,"M","MACRON","Emmanuel",31656.,"M","LASSALLE","Jean",4084.,"F","LE PEN","Marine",48242.,"M","ZEMMOUR","Éric",8771.,"M","MÉLENCHON","Jean-Luc",22281.,"F","HIDALGO","Anne",1741.,"M","JADOT","Yannick",3446.,"F","PÉCRESSE","Valérie",5556.,"M","POUTOU","Philippe",1112.,"M","DUPONT-AIGNAN","Nicolas",2957.
"09","Ariège","119039",25028.,94011.,1532.,775.,91704.,"F","ARTHAUD","Nathalie",417.,"M","ROUSSEL","Fabien",2701.,"M","MACRON","Emmanuel",18071.,"M","LASSALLE","Jean",7532.,"F","LE PEN","Marine",21958.,"M","ZEMMOUR","Éric",5821.,"M","MÉLENCHON","Jean-Luc",23908.,"F","HIDALGO","Anne",3208.,"M","JADOT","Yannick",3020.,"F","PÉCRESSE","Valérie",2724.,"M","POUTOU","Philippe",723.,"M","DUPONT-AIGNAN","Nicolas",1621.
"10","Aube","205551",52384.,153167.,2339.,1158.,149670.,"F","ARTHAUD","Nathalie",1005.,"M","ROUSSEL","Fabien",3094.,"M","MACRON","Emmanuel",38321.,"M","LASSALLE","Jean",3787.,"F","LE PEN","Marine",49316.,"M","ZEMMOUR","Éric",11374.,"M","MÉLENCHON","Jean-Luc",22483.,"F","HIDALGO","Anne",1720.,"M","JADOT","Yannick",4619.,"F","PÉCRESSE","Valérie",8923.,"M","POUTOU","Philippe",1062.,"M","DUPONT-AIGNAN","Nicolas",3966.
"11","Aude","279927",62972.,216955.,2962.,1567.,212426.,"F","ARTHAUD","Nathalie",1026.,"M","ROUSSEL","Fabien",5622.,"M","MACRON","Emmanuel",43104.,"M","LASSALLE","Jean",12382.,"F","LE PEN","Marine",64027.,"M","ZEMMOUR","Éric",18434.,"M","MÉLENCHON","Jean-Luc",42039.,"F","HIDALGO","Anne",6166.,"M","JADOT","Yannick",6322.,"F","PÉCRESSE","Valérie",7350.,"M","POUTOU","Philippe",1748.,"M","DUPONT-AIGNAN","Nicolas",4206.
"12","Aveyron","219468",43833.,175635.,3079.,1654.,170902.,"F","ARTHAUD","Nathalie",894.,"M","ROUSSEL","Fabien",4515.,"M","MACRON","Emmanuel",47430.,"M","LASSALLE","Jean",14825.,"F","LE PEN","Marine",34357.,"M","ZEMMOUR","Éric",10112.,"M","MÉLENCHON","Jean-Luc",32734.,"F","HIDALGO","Anne",4470.,"M","JADOT","Yannick",6746.,"F","PÉCRESSE","Valérie",9988.,"M","POUTOU","Philippe",1354.,"M","DUPONT-AIGNAN","Nicolas",3477.
"13","Bouches-du-Rhône","1411184",383816.,1.027368e6,13341.,5407.,1.00862e6,"F","ARTHAUD","Nathalie",3578.,"M","ROUSSEL","Fabien",24295.,"M","MACRON","Emmanuel",229038.,"M","LASSALLE","Jean",24256.,"F","LE PEN","Marine",264753.,"M","ZEMMOUR","Éric",108617.,"M","MÉLENCHON","Jean-Luc",237971.,"F","HIDALGO","Anne",11760.,"M","JADOT","Yannick",42109.,"F","PÉCRESSE","Valérie",36229.,"M","POUTOU","Philippe",5963.,"M","DUPONT-AIGNAN","Nicolas",20051.
"14","Calvados","512148",117799.,394349.,5547.,2571.,386231.,"F","ARTHAUD","Nathalie",2757.,"M","ROUSSEL","Fabien",8777.,"M","MACRON","Emmanuel",120366.,"M","LASSALLE","Jean",9816.,"F","LE PEN","Marine",91774.,"M","ZEMMOUR","Éric",22255.,"M","MÉLENCHON","Jean-Luc",73950.,"F","HIDALGO","Anne",6848.,"M","JADOT","Yannick",19621.,"F","PÉCRESSE","Valérie",18383.,"M","POUTOU","Philippe",3764.,"M","DUPONT-AIGNAN","Nicolas",7920.
"15","Cantal","115745",25019.,90726.,1803.,821.,88102.,"F","ARTHAUD","Nathalie",555.,"M","ROUSSEL","Fabien",2496.,"M","MACRON","Emmanuel",25038.,"M","LASSALLE","Jean",6848.,"F","LE PEN","Marine",21570.,"M","ZEMMOUR","Éric",4906.,"M","MÉLENCHON","Jean-Luc",12944.,"F","HIDALGO","Anne",1810.,"M","JADOT","Yannick",2751.,"F","PÉCRESSE","Valérie",6987.,"M","POUTOU","Philippe",650.,"M","DUPONT-AIGNAN","Nicolas",1547.
"16","Charente","257608",59909.,197699.,3293.,1740.,192666.,"F","ARTHAUD","Nathalie",1319.,"M","ROUSSEL","Fabien",5374.,"M","MACRON","Emmanuel",53126.,"M","LASSALLE","Jean",8482.,"F","LE PEN","Marine",50432.,"M","ZEMMOUR","Éric",10617.,"M","MÉLENCHON","Jean-Luc",37305.,"F","HIDALGO","Anne",4003.,"M","JADOT","Yannick",7557.,"F","PÉCRESSE","Valérie",8343.,"M","POUTOU","Philippe",1763.,"M","DUPONT-AIGNAN","Nicolas",4345.
"17","Charente-Maritime","519202",116437.,402765.,5918.,2780.,394067.,"F","ARTHAUD","Nathalie",2330.,"M","ROUSSEL","Fabien",10002.,"M","MACRON","Emmanuel",113753.,"M","LASSALLE","Jean",14335.,"F","LE PEN","Marine",99790.,"M","ZEMMOUR","Éric",24347.,"M","MÉLENCHON","Jean-Luc",71633.,"F","HIDALGO","Anne",6857.,"M","JADOT","Yannick",19012.,"F","PÉCRESSE","Valérie",19316.,"M","POUTOU","Philippe",3403.,"M","DUPONT-AIGNAN","Nicolas",9289.
"18","Cher","224570",59808.,164762.,3146.,1083.,160533.,"F","ARTHAUD","Nathalie",1304.,"M","ROUSSEL","Fabien",5749.,"M","MACRON","Emmanuel",43497.,"M","LASSALLE","Jean",5495.,"F","LE PEN","Marine",44772.,"M","ZEMMOUR","Éric",10822.,"M","MÉLENCHON","Jean-Luc",27901.,"F","HIDALGO","Anne",2585.,"M","JADOT","Yannick",5028.,"F","PÉCRESSE","Valérie",8147.,"M","POUTOU","Philippe",1463.,"M","DUPONT-AIGNAN","Nicolas",3770.
"19","Corrèze","185032",38430.,146602.,2517.,1485.,142600.,"F","ARTHAUD","Nathalie",885.,"M","ROUSSEL","Fabien",6292.,"M","MACRON","Emmanuel",33125.,"M","LASSALLE","Jean",10177.,"F","LE PEN","Marine",31658.,"M","ZEMMOUR","Éric",8012.,"M","MÉLENCHON","Jean-Luc",27731.,"F","HIDALGO","Anne",3605.,"M","JADOT","Yannick",5040.,"F","PÉCRESSE","Valérie",12278.,"M","POUTOU","Philippe",1179.,"M","DUPONT-AIGNAN","Nicolas",2618.
"2A","Corse-du-Sud","113918",42366.,71552.,1130.,1561.,68861.,"F","ARTHAUD","Nathalie",197.,"M","ROUSSEL","Fabien",1850.,"M","MACRON","Emmanuel",12932.,"M","LASSALLE","Jean",6729.,"F","LE PEN","Marine",20139.,"M","ZEMMOUR","Éric",9199.,"M","MÉLENCHON","Jean-Luc",9330.,"F","HIDALGO","Anne",624.,"M","JADOT","Yannick",2266.,"F","PÉCRESSE","Valérie",3772.,"M","POUTOU","Philippe",608.,"M","DUPONT-AIGNAN","Nicolas",1215.
"2B","Haute-Corse","129114",48263.,80851.,1463.,877.,78511.,"F","ARTHAUD","Nathalie",257.,"M","ROUSSEL","Fabien",2687.,"M","MACRON","Emmanuel",13773.,"M","LASSALLE","Jean",8601.,"F","LE PEN","Marine",21998.,"M","ZEMMOUR","Éric",9657.,"M","MÉLENCHON","Jean-Luc",10368.,"F","HIDALGO","Anne",959.,"M","JADOT","Yannick",2520.,"F","PÉCRESSE","Valérie",5555.,"M","POUTOU","Philippe",762.,"M","DUPONT-AIGNAN","Nicolas",1374.
"21","Côte-d'Or","366859",77886.,288973.,4577.,1651.,282745.,"F","ARTHAUD","Nathalie",1775.,"M","ROUSSEL","Fabien",5721.,"M","MACRON","Emmanuel",80734.,"M","LASSALLE","Jean",8183.,"F","LE PEN","Marine",69110.,"M","ZEMMOUR","Éric",21651.,"M","MÉLENCHON","Jean-Luc",53875.,"F","HIDALGO","Anne",5126.,"M","JADOT","Yannick",13462.,"F","PÉCRESSE","Valérie",14344.,"M","POUTOU","Philippe",2286.,"M","DUPONT-AIGNAN","Nicolas",6478.
"22","Côtes-d'Armor","471752",96597.,375155.,5722.,3040.,366393.,"F","ARTHAUD","Nathalie",2603.,"M","ROUSSEL","Fabien",11628.,"M","MACRON","Emmanuel",113656.,"M","LASSALLE","Jean",11949.,"F","LE PEN","Marine",79850.,"M","ZEMMOUR","Éric",17319.,"M","MÉLENCHON","Jean-Luc",74226.,"F","HIDALGO","Anne",8279.,"M","JADOT","Yannick",19349.,"F","PÉCRESSE","Valérie",17235.,"M","POUTOU","Philippe",3895.,"M","DUPONT-AIGNAN","Nicolas",6404.
"23","Creuse","90946",21967.,68979.,1388.,743.,66848.,"F","ARTHAUD","Nathalie",490.,"M","ROUSSEL","Fabien",2430.,"M","MACRON","Emmanuel",15542.,"M","LASSALLE","Jean",4275.,"F","LE PEN","Marine",16772.,"M","ZEMMOUR","Éric",3501.,"M","MÉLENCHON","Jean-Luc",13679.,"F","HIDALGO","Anne",1641.,"M","JADOT","Yannick",1906.,"F","PÉCRESSE","Valérie",4391.,"M","POUTOU","Philippe",665.,"M","DUPONT-AIGNAN","Nicolas",1556.
"24","Dordogne","318168",64856.,253312.,3636.,3120.,246556.,"F","ARTHAUD","Nathalie",1294.,"M","ROUSSEL","Fabien",8855.,"M","MACRON","Emmanuel",58532.,"M","LASSALLE","Jean",15850.,"F","LE PEN","Marine",63327.,"M","ZEMMOUR","Éric",15800.,"M","MÉLENCHON","Jean-Luc",50054.,"F","HIDALGO","Anne",5362.,"M","JADOT","Yannick",8563.,"F","PÉCRESSE","Valérie",11280.,"M","POUTOU","Philippe",2223.,"M","DUPONT-AIGNAN","Nicolas",5416.
"25","Doubs","368379",84117.,284262.,4989.,2176.,277097.,"F","ARTHAUD","Nathalie",2069.,"M","ROUSSEL","Fabien",5001.,"M","MACRON","Emmanuel",76338.,"M","LASSALLE","Jean",8688.,"F","LE PEN","Marine",66703.,"M","ZEMMOUR","Éric",19486.,"M","MÉLENCHON","Jean-Luc",55587.,"F","HIDALGO","Anne",4902.,"M","JADOT","Yannick",13096.,"F","PÉCRESSE","Valérie",15107.,"M","POUTOU","Philippe",2345.,"M","DUPONT-AIGNAN","Nicolas",7775.
"26","Drôme","382188",84289.,297899.,4577.,1898.,291424.,"F","ARTHAUD","Nathalie",2041.,"M","ROUSSEL","Fabien",6752.,"M","MACRON","Emmanuel",72228.,"M","LASSALLE","Jean",9945.,"F","LE PEN","Marine",70574.,"M","ZEMMOUR","Éric",22010.,"M","MÉLENCHON","Jean-Luc",65258.,"F","HIDALGO","Anne",5311.,"M","JADOT","Yannick",14234.,"F","PÉCRESSE","Valérie",13204.,"M","POUTOU","Philippe",2109.,"M","DUPONT-AIGNAN","Nicolas",7758.
"27","Eure","432198",106463.,325735.,5085.,1789.,318861.,"F","ARTHAUD","Nathalie",2197.,"M","ROUSSEL","Fabien",7056.,"M","MACRON","Emmanuel",83058.,"M","LASSALLE","Jean",7768.,"F","LE PEN","Marine",102952.,"M","ZEMMOUR","Éric",20930.,"M","MÉLENCHON","Jean-Luc",55571.,"F","HIDALGO","Anne",4027.,"M","JADOT","Yannick",11477.,"F","PÉCRESSE","Valérie",13552.,"M","POUTOU","Philippe",2710.,"M","DUPONT-AIGNAN","Nicolas",7563.
"28","Eure-et-Loir","303888",78960.,224928.,3489.,1418.,220021.,"F","ARTHAUD","Nathalie",1419.,"M","ROUSSEL","Fabien",4267.,"M","MACRON","Emmanuel",59869.,"M","LASSALLE","Jean",5694.,"F","LE PEN","Marine",61960.,"M","ZEMMOUR","Éric",14803.,"M","MÉLENCHON","Jean-Luc",40529.,"F","HIDALGO","Anne",3076.,"M","JADOT","Yannick",7904.,"F","PÉCRESSE","Valérie",13003.,"M","POUTOU","Philippe",1766.,"M","DUPONT-AIGNAN","Nicolas",5731.
"29","Finistère","709701",154870.,554831.,8692.,3220.,542919.,"F","ARTHAUD","Nathalie",3627.,"M","ROUSSEL","Fabien",15340.,"M","MACRON","Emmanuel",174894.,"M","LASSALLE","Jean",18320.,"F","LE PEN","Marine",100890.,"M","ZEMMOUR","Éric",25607.,"M","MÉLENCHON","Jean-Luc",116591.,"F","HIDALGO","Anne",13077.,"M","JADOT","Yannick",33200.,"F","PÉCRESSE","Valérie",26541.,"M","POUTOU","Philippe",6266.,"M","DUPONT-AIGNAN","Nicolas",8566.
"30","Gard","555038",132723.,422315.,5840.,2496.,413979.,"F","ARTHAUD","Nathalie",1768.,"M","ROUSSEL","Fabien",12123.,"M","MACRON","Emmanuel",88278.,"M","LASSALLE","Jean",15162.,"F","LE PEN","Marine",121480.,"M","ZEMMOUR","Éric",38479.,"M","MÉLENCHON","Jean-Luc",88827.,"F","HIDALGO","Anne",6585.,"M","JADOT","Yannick",14974.,"F","PÉCRESSE","Valérie",15460.,"M","POUTOU","Philippe",2706.,"M","DUPONT-AIGNAN","Nicolas",8137.
"31","Haute-Garonne","930321",183366.,746955.,10129.,5847.,730979.,"F","ARTHAUD","Nathalie",3006.,"M","ROUSSEL","Fabien",16307.,"M","MACRON","Emmanuel",196712.,"M","LASSALLE","Jean",35479.,"F","LE PEN","Marine",133254.,"M","ZEMMOUR","Éric",50613.,"M","MÉLENCHON","Jean-Luc",188867.,"F","HIDALGO","Anne",19658.,"M","JADOT","Yannick",42599.,"F","PÉCRESSE","Valérie",27153.,"M","POUTOU","Philippe",4888.,"M","DUPONT-AIGNAN","Nicolas",12443.
"32","Gers","147278",28267.,119011.,1762.,850.,116399.,"F","ARTHAUD","Nathalie",529.,"M","ROUSSEL","Fabien",3128.,"M","MACRON","Emmanuel",28970.,"M","LASSALLE","Jean",11720.,"F","LE PEN","Marine",26015.,"M","ZEMMOUR","Éric",8396.,"M","MÉLENCHON","Jean-Luc",21353.,"F","HIDALGO","Anne",3861.,"M","JADOT","Yannick",4090.,"F","PÉCRESSE","Valérie",5126.,"M","POUTOU","Philippe",793.,"M","DUPONT-AIGNAN","Nicolas",2418.
"33","Gironde","1158548",249014.,909534.,12367.,5147.,892020.,"F","ARTHAUD","Nathalie",3679.,"M","ROUSSEL","Fabien",21522.,"M","MACRON","Emmanuel",256179.,"M","LASSALLE","Jean",37725.,"F","LE PEN","Marine",191542.,"M","ZEMMOUR","Éric",58321.,"M","MÉLENCHON","Jean-Luc",194775.,"F","HIDALGO","Anne",19598.,"M","JADOT","Yannick",46677.,"F","PÉCRESSE","Valérie",37575.,"M","POUTOU","Philippe",8734.,"M","DUPONT-AIGNAN","Nicolas",15693.
"34","Hérault","847365",195766.,651599.,8867.,4004.,638728.,"F","ARTHAUD","Nathalie",2580.,"M","ROUSSEL","Fabien",14165.,"M","MACRON","Emmanuel",142306.,"M","LASSALLE","Jean",22068.,"F","LE PEN","Marine",165734.,"M","ZEMMOUR","Éric",57751.,"M","MÉLENCHON","Jean-Luc",154819.,"F","HIDALGO","Anne",12150.,"M","JADOT","Yannick",28057.,"F","PÉCRESSE","Valérie",23230.,"M","POUTOU","Philippe",4393.,"M","DUPONT-AIGNAN","Nicolas",11475.
"35","Ille-et-Vilaine","771636",161427.,610209.,9511.,3866.,596832.,"F","ARTHAUD","Nathalie",3783.,"M","ROUSSEL","Fabien",12696.,"M","MACRON","Emmanuel",205882.,"M","LASSALLE","Jean",13985.,"F","LE PEN","Marine",101797.,"M","ZEMMOUR","Éric",27463.,"M","MÉLENCHON","Jean-Luc",132510.,"F","HIDALGO","Anne",13973.,"M","JADOT","Yannick",42613.,"F","PÉCRESSE","Valérie",26194.,"M","POUTOU","Philippe",5376.,"M","DUPONT-AIGNAN","Nicolas",10560.
"36","Indre","166100",41406.,124694.,2451.,1246.,120997.,"F","ARTHAUD","Nathalie",1085.,"M","ROUSSEL","Fabien",3702.,"M","MACRON","Emmanuel",31498.,"M","LASSALLE","Jean",4984.,"F","LE PEN","Marine",34516.,"M","ZEMMOUR","Éric",7438.,"M","MÉLENCHON","Jean-Luc",20954.,"F","HIDALGO","Anne",2464.,"M","JADOT","Yannick",3726.,"F","PÉCRESSE","Valérie",6589.,"M","POUTOU","Philippe",1155.,"M","DUPONT-AIGNAN","Nicolas",2886.
"37","Indre-et-Loire","440502",105536.,334966.,5437.,2039.,327490.,"F","ARTHAUD","Nathalie",2243.,"M","ROUSSEL","Fabien",7835.,"M","MACRON","Emmanuel",101503.,"M","LASSALLE","Jean",8520.,"F","LE PEN","Marine",70553.,"M","ZEMMOUR","Éric",19931.,"M","MÉLENCHON","Jean-Luc",68012.,"F","HIDALGO","Anne",6216.,"M","JADOT","Yannick",16245.,"F","PÉCRESSE","Valérie",16279.,"M","POUTOU","Philippe",2882.,"M","DUPONT-AIGNAN","Nicolas",7271.
"38","Isère","885440",198676.,686764.,10990.,3478.,672296.,"F","ARTHAUD","Nathalie",3479.,"M","ROUSSEL","Fabien",14694.,"M","MACRON","Emmanuel",180533.,"M","LASSALLE","Jean",17025.,"F","LE PEN","Marine",154799.,"M","ZEMMOUR","Éric",47450.,"M","MÉLENCHON","Jean-Luc",153474.,"F","HIDALGO","Anne",12736.,"M","JADOT","Yannick",40378.,"F","PÉCRESSE","Valérie",28575.,"M","POUTOU","Philippe",4826.,"M","DUPONT-AIGNAN","Nicolas",14327.
"39","Jura","190597",41634.,148963.,2625.,1111.,145227.,"F","ARTHAUD","Nathalie",1053.,"M","ROUSSEL","Fabien",3166.,"M","MACRON","Emmanuel",36139.,"M","LASSALLE","Jean",6218.,"F","LE PEN","Marine",38179.,"M","ZEMMOUR","Éric",9657.,"M","MÉLENCHON","Jean-Luc",28882.,"F","HIDALGO","Anne",2635.,"M","JADOT","Yannick",6388.,"F","PÉCRESSE","Valérie",7424.,"M","POUTOU","Philippe",1343.,"M","DUPONT-AIGNAN","Nicolas",4143.
"40","Landes","329337",65654.,263683.,4033.,1600.,258050.,"F","ARTHAUD","Nathalie",1115.,"M","ROUSSEL","Fabien",8176.,"M","MACRON","Emmanuel",69459.,"M","LASSALLE","Jean",24308.,"F","LE PEN","Marine",58646.,"M","ZEMMOUR","Éric",16817.,"M","MÉLENCHON","Jean-Luc",44548.,"F","HIDALGO","Anne",9071.,"M","JADOT","Yannick",8628.,"F","PÉCRESSE","Valérie",10393.,"M","POUTOU","Philippe",1975.,"M","DUPONT-AIGNAN","Nicolas",4914.
"41","Loir-et-Cher","244718",59350.,185368.,3181.,1377.,180810.,"F","ARTHAUD","Nathalie",1246.,"M","ROUSSEL","Fabien",4507.,"M","MACRON","Emmanuel",50480.,"M","LASSALLE","Jean",5483.,"F","LE PEN","Marine",50212.,"M","ZEMMOUR","Éric",12703.,"M","MÉLENCHON","Jean-Luc",30377.,"F","HIDALGO","Anne",3165.,"M","JADOT","Yannick",7097.,"F","PÉCRESSE","Valérie",9586.,"M","POUTOU","Philippe",1527.,"M","DUPONT-AIGNAN","Nicolas",4427.
"42","Loire","513794",118592.,395202.,6664.,2600.,385938.,"F","ARTHAUD","Nathalie",2390.,"M","ROUSSEL","Fabien",9017.,"M","MACRON","Emmanuel",104003.,"M","LASSALLE","Jean",11928.,"F","LE PEN","Marine",97764.,"M","ZEMMOUR","Éric",28706.,"M","MÉLENCHON","Jean-Luc",78169.,"F","HIDALGO","Anne",6970.,"M","JADOT","Yannick",16656.,"F","PÉCRESSE","Valérie",18539.,"M","POUTOU","Philippe",2767.,"M","DUPONT-AIGNAN","Nicolas",9029.
"43","Haute-Loire","180706",37000.,143706.,2837.,1214.,139655.,"F","ARTHAUD","Nathalie",1020.,"M","ROUSSEL","Fabien",3493.,"M","MACRON","Emmanuel",32417.,"M","LASSALLE","Jean",7817.,"F","LE PEN","Marine",38629.,"M","ZEMMOUR","Éric",9529.,"M","MÉLENCHON","Jean-Luc",24332.,"F","HIDALGO","Anne",2491.,"M","JADOT","Yannick",5796.,"F","PÉCRESSE","Valérie",9560.,"M","POUTOU","Philippe",1205.,"M","DUPONT-AIGNAN","Nicolas",3366.
"44","Loire-Atlantique","1056693",236339.,820354.,13373.,4559.,802422.,"F","ARTHAUD","Nathalie",4712.,"M","ROUSSEL","Fabien",18322.,"M","MACRON","Emmanuel",256609.,"M","LASSALLE","Jean",18298.,"F","LE PEN","Marine",135702.,"M","ZEMMOUR","Éric",42761.,"M","MÉLENCHON","Jean-Luc",187977.,"F","HIDALGO","Anne",18369.,"M","JADOT","Yannick",60072.,"F","PÉCRESSE","Valérie",37541.,"M","POUTOU","Philippe",7280.,"M","DUPONT-AIGNAN","Nicolas",14779.
"45","Loiret","457550",114468.,343082.,5512.,2148.,335422.,"F","ARTHAUD","Nathalie",1959.,"M","ROUSSEL","Fabien",7530.,"M","MACRON","Emmanuel",97004.,"M","LASSALLE","Jean",8483.,"F","LE PEN","Marine",85832.,"M","ZEMMOUR","Éric",22878.,"M","MÉLENCHON","Jean-Luc",63486.,"F","HIDALGO","Anne",5656.,"M","JADOT","Yannick",14401.,"F","PÉCRESSE","Valérie",18086.,"M","POUTOU","Philippe",2433.,"M","DUPONT-AIGNAN","Nicolas",7674.
"46","Lot","139278",27164.,112114.,1767.,957.,109390.,"F","ARTHAUD","Nathalie",618.,"M","ROUSSEL","Fabien",3559.,"M","MACRON","Emmanuel",27311.,"M","LASSALLE","Jean",8032.,"F","LE PEN","Marine",21422.,"M","ZEMMOUR","Éric",6123.,"M","MÉLENCHON","Jean-Luc",25932.,"F","HIDALGO","Anne",2766.,"M","JADOT","Yannick",4603.,"F","PÉCRESSE","Valérie",5648.,"M","POUTOU","Philippe",976.,"M","DUPONT-AIGNAN","Nicolas",2400.
"47","Lot-et-Garonne","241304",52907.,188397.,2793.,1502.,184102.,"F","ARTHAUD","Nathalie",889.,"M","ROUSSEL","Fabien",4970.,"M","MACRON","Emmanuel",42568.,"M","LASSALLE","Jean",13600.,"F","LE PEN","Marine",50290.,"M","ZEMMOUR","Éric",15646.,"M","MÉLENCHON","Jean-Luc",34044.,"F","HIDALGO","Anne",3357.,"M","JADOT","Yannick",5686.,"F","PÉCRESSE","Valérie",7703.,"M","POUTOU","Philippe",1437.,"M","DUPONT-AIGNAN","Nicolas",3912.
"48","Lozère","59812",11680.,48132.,741.,395.,46996.,"F","ARTHAUD","Nathalie",235.,"M","ROUSSEL","Fabien",1343.,"M","MACRON","Emmanuel",10739.,"M","LASSALLE","Jean",4722.,"F","LE PEN","Marine",10497.,"M","ZEMMOUR","Éric",3148.,"M","MÉLENCHON","Jean-Luc",9153.,"F","HIDALGO","Anne",1045.,"M","JADOT","Yannick",1736.,"F","PÉCRESSE","Valérie",3039.,"M","POUTOU","Philippe",426.,"M","DUPONT-AIGNAN","Nicolas",913.
"49","Maine-et-Loire","589263",136866.,452397.,8072.,2983.,441342.,"F","ARTHAUD","Nathalie",3071.,"M","ROUSSEL","Fabien",8362.,"M","MACRON","Emmanuel",157063.,"M","LASSALLE","Jean",11036.,"F","LE PEN","Marine",89433.,"M","ZEMMOUR","Éric",21704.,"M","MÉLENCHON","Jean-Luc",80616.,"F","HIDALGO","Anne",8801.,"M","JADOT","Yannick",26635.,"F","PÉCRESSE","Valérie",21538.,"M","POUTOU","Philippe",3663.,"M","DUPONT-AIGNAN","Nicolas",9420.
"50","Manche","384613",93460.,291153.,4747.,1948.,284458.,"F","ARTHAUD","Nathalie",2249.,"M","ROUSSEL","Fabien",7368.,"M","MACRON","Emmanuel",92642.,"M","LASSALLE","Jean",9421.,"F","LE PEN","Marine",69770.,"M","ZEMMOUR","Éric",13990.,"M","MÉLENCHON","Jean-Luc",46940.,"F","HIDALGO","Anne",5853.,"M","JADOT","Yannick",11873.,"F","PÉCRESSE","Valérie",14746.,"M","POUTOU","Philippe",2720.,"M","DUPONT-AIGNAN","Nicolas",6886.
"51","Marne","380644",101010.,279634.,3826.,1702.,274106.,"F","ARTHAUD","Nathalie",1778.,"M","ROUSSEL","Fabien",5307.,"M","MACRON","Emmanuel",78472.,"M","LASSALLE","Jean",6921.,"F","LE PEN","Marine",83756.,"M","ZEMMOUR","Éric",19501.,"M","MÉLENCHON","Jean-Luc",42858.,"F","HIDALGO","Anne",3542.,"M","JADOT","Yannick",9561.,"F","PÉCRESSE","Valérie",14357.,"M","POUTOU","Philippe",1894.,"M","DUPONT-AIGNAN","Nicolas",6159.
"52","Haute-Marne","129389",33273.,96116.,1489.,819.,93808.,"F","ARTHAUD","Nathalie",696.,"M","ROUSSEL","Fabien",1833.,"M","MACRON","Emmanuel",21886.,"M","LASSALLE","Jean",3327.,"F","LE PEN","Marine",34331.,"M","ZEMMOUR","Éric",6450.,"M","MÉLENCHON","Jean-Luc",13228.,"F","HIDALGO","Anne",1305.,"M","JADOT","Yannick",2580.,"F","PÉCRESSE","Valérie",4841.,"M","POUTOU","Philippe",747.,"M","DUPONT-AIGNAN","Nicolas",2584.
"53","Mayenne","224722",52812.,171910.,3483.,1519.,166908.,"F","ARTHAUD","Nathalie",1273.,"M","ROUSSEL","Fabien",3313.,"M","MACRON","Emmanuel",60755.,"M","LASSALLE","Jean",4673.,"F","LE PEN","Marine",37376.,"M","ZEMMOUR","Éric",8042.,"M","MÉLENCHON","Jean-Luc",25608.,"F","HIDALGO","Anne",3468.,"M","JADOT","Yannick",7934.,"F","PÉCRESSE","Valérie",9236.,"M","POUTOU","Philippe",1372.,"M","DUPONT-AIGNAN","Nicolas",3858.
"54","Meurthe-et-Moselle","492057",130919.,361138.,5092.,2246.,353800.,"F","ARTHAUD","Nathalie",2373.,"M","ROUSSEL","Fabien",7961.,"M","MACRON","Emmanuel",95252.,"M","LASSALLE","Jean",8739.,"F","LE PEN","Marine",97243.,"M","ZEMMOUR","Éric",23518.,"M","MÉLENCHON","Jean-Luc",73892.,"F","HIDALGO","Anne",6362.,"M","JADOT","Yannick",14588.,"F","PÉCRESSE","Valérie",13387.,"M","POUTOU","Philippe",3214.,"M","DUPONT-AIGNAN","Nicolas",7271.
"55","Meuse","134805",34092.,100713.,1509.,691.,98513.,"F","ARTHAUD","Nathalie",702.,"M","ROUSSEL","Fabien",1957.,"M","MACRON","Emmanuel",24539.,"M","LASSALLE","Jean",3500.,"F","LE PEN","Marine",34588.,"M","ZEMMOUR","Éric",7347.,"M","MÉLENCHON","Jean-Luc",13559.,"F","HIDALGO","Anne",1483.,"M","JADOT","Yannick",3130.,"F","PÉCRESSE","Valérie",4403.,"M","POUTOU","Philippe",883.,"M","DUPONT-AIGNAN","Nicolas",2422.
"56","Morbihan","608972",130520.,478452.,7959.,3119.,467374.,"F","ARTHAUD","Nathalie",2952.,"M","ROUSSEL","Fabien",11529.,"M","MACRON","Emmanuel",152740.,"M","LASSALLE","Jean",14399.,"F","LE PEN","Marine",102856.,"M","ZEMMOUR","Éric",26595.,"M","MÉLENCHON","Jean-Luc",84200.,"F","HIDALGO","Anne",8267.,"M","JADOT","Yannick",27036.,"F","PÉCRESSE","Valérie",22838.,"M","POUTOU","Philippe",4376.,"M","DUPONT-AIGNAN","Nicolas",9586.
"57","Moselle","745914",210299.,535615.,7943.,3353.,524319.,"F","ARTHAUD","Nathalie",3499.,"M","ROUSSEL","Fabien",8750.,"M","MACRON","Emmanuel",136366.,"M","LASSALLE","Jean",14163.,"F","LE PEN","Marine",159254.,"M","ZEMMOUR","Éric",39369.,"M","MÉLENCHON","Jean-Luc",100159.,"F","HIDALGO","Anne",7534.,"M","JADOT","Yannick",18931.,"F","PÉCRESSE","Valérie",19300.,"M","POUTOU","Philippe",4343.,"M","DUPONT-AIGNAN","Nicolas",12651.
"58","Nièvre","154186",38850.,115336.,1957.,938.,112441.,"F","ARTHAUD","Nathalie",833.,"M","ROUSSEL","Fabien",4281.,"M","MACRON","Emmanuel",28686.,"M","LASSALLE","Jean",4106.,"F","LE PEN","Marine",32838.,"M","ZEMMOUR","Éric",7378.,"M","MÉLENCHON","Jean-Luc",19930.,"F","HIDALGO","Anne",2160.,"M","JADOT","Yannick",3552.,"F","PÉCRESSE","Valérie",5172.,"M","POUTOU","Philippe",1010.,"M","DUPONT-AIGNAN","Nicolas",2495.
"59","Nord","1813906",514033.,1.299873e6,17416.,7676.,1.274781e6,"F","ARTHAUD","Nathalie",7673.,"M","ROUSSEL","Fabien",45902.,"M","MACRON","Emmanuel",336138.,"M","LASSALLE","Jean",22459.,"F","LE PEN","Marine",373127.,"M","ZEMMOUR","Éric",73168.,"M","MÉLENCHON","Jean-Luc",279785.,"F","HIDALGO","Anne",18215.,"M","JADOT","Yannick",46962.,"F","PÉCRESSE","Valérie",42470.,"M","POUTOU","Philippe",8265.,"M","DUPONT-AIGNAN","Nicolas",20617.
"60","Oise","564121",142081.,422040.,6324.,4002.,411714.,"F","ARTHAUD","Nathalie",2859.,"M","ROUSSEL","Fabien",9054.,"M","MACRON","Emmanuel",100043.,"M","LASSALLE","Jean",9179.,"F","LE PEN","Marine",132873.,"M","ZEMMOUR","Éric",30333.,"M","MÉLENCHON","Jean-Luc",79446.,"F","HIDALGO","Anne",4251.,"M","JADOT","Yannick",13785.,"F","PÉCRESSE","Valérie",17450.,"M","POUTOU","Philippe",3048.,"M","DUPONT-AIGNAN","Nicolas",9393.
"61","Orne","205538",50935.,154603.,2586.,1067.,150950.,"F","ARTHAUD","Nathalie",1203.,"M","ROUSSEL","Fabien",3261.,"M","MACRON","Emmanuel",46005.,"M","LASSALLE","Jean",4895.,"F","LE PEN","Marine",41804.,"M","ZEMMOUR","Éric",8910.,"M","MÉLENCHON","Jean-Luc",22993.,"F","HIDALGO","Anne",2368.,"M","JADOT","Yannick",5513.,"F","PÉCRESSE","Valérie",8838.,"M","POUTOU","Philippe",1334.,"M","DUPONT-AIGNAN","Nicolas",3826.
"62","Pas-de-Calais","1093723",286319.,807404.,10601.,6150.,790653.,"F","ARTHAUD","Nathalie",5887.,"M","ROUSSEL","Fabien",26146.,"M","MACRON","Emmanuel",194610.,"M","LASSALLE","Jean",17010.,"F","LE PEN","Marine",305816.,"M","ZEMMOUR","Éric",40764.,"M","MÉLENCHON","Jean-Luc",124741.,"F","HIDALGO","Anne",11619.,"M","JADOT","Yannick",19295.,"F","PÉCRESSE","Valérie",25307.,"M","POUTOU","Philippe",5488.,"M","DUPONT-AIGNAN","Nicolas",13970.
"63","Puy-de-Dôme","468103",100869.,367234.,6938.,2709.,357587.,"F","ARTHAUD","Nathalie",2556.,"M","ROUSSEL","Fabien",12713.,"M","MACRON","Emmanuel",100134.,"M","LASSALLE","Jean",16136.,"F","LE PEN","Marine",78182.,"M","ZEMMOUR","Éric",20624.,"M","MÉLENCHON","Jean-Luc",74534.,"F","HIDALGO","Anne",8216.,"M","JADOT","Yannick",17029.,"F","PÉCRESSE","Valérie",17352.,"M","POUTOU","Philippe",3189.,"M","DUPONT-AIGNAN","Nicolas",6922.
"64","Pyrénées-Atlantiques","519929",110134.,409795.,5816.,2489.,401490.,"F","ARTHAUD","Nathalie",1677.,"M","ROUSSEL","Fabien",10170.,"M","MACRON","Emmanuel",111610.,"M","LASSALLE","Jean",48246.,"F","LE PEN","Marine",69768.,"M","ZEMMOUR","Éric",25877.,"M","MÉLENCHON","Jean-Luc",76030.,"F","HIDALGO","Anne",9276.,"M","JADOT","Yannick",19967.,"F","PÉCRESSE","Valérie",17166.,"M","POUTOU","Philippe",4982.,"M","DUPONT-AIGNAN","Nicolas",6721.
"65","Hautes-Pyrénées","177443",39595.,137848.,2064.,896.,134888.,"F","ARTHAUD","Nathalie",636.,"M","ROUSSEL","Fabien",4539.,"M","MACRON","Emmanuel",33692.,"M","LASSALLE","Jean",14761.,"F","LE PEN","Marine",29938.,"M","ZEMMOUR","Éric",8714.,"M","MÉLENCHON","Jean-Luc",26449.,"F","HIDALGO","Anne",3315.,"M","JADOT","Yannick",4872.,"F","PÉCRESSE","Valérie",4560.,"M","POUTOU","Philippe",1003.,"M","DUPONT-AIGNAN","Nicolas",2409.
"66","Pyrénées-Orientales","362076",87704.,274372.,3528.,2276.,268568.,"F","ARTHAUD","Nathalie",1312.,"M","ROUSSEL","Fabien",6509.,"M","MACRON","Emmanuel",55169.,"M","LASSALLE","Jean",11690.,"F","LE PEN","Marine",87930.,"M","ZEMMOUR","Éric",24782.,"M","MÉLENCHON","Jean-Luc",51556.,"F","HIDALGO","Anne",5013.,"M","JADOT","Yannick",8588.,"F","PÉCRESSE","Valérie",8815.,"M","POUTOU","Philippe",1995.,"M","DUPONT-AIGNAN","Nicolas",5209.
"67","Bas-Rhin","778712",190224.,588488.,8335.,3434.,576719.,"F","ARTHAUD","Nathalie",3687.,"M","ROUSSEL","Fabien",7015.,"M","MACRON","Emmanuel",177069.,"M","LASSALLE","Jean",14652.,"F","LE PEN","Marine",145883.,"M","ZEMMOUR","Éric",40458.,"M","MÉLENCHON","Jean-Luc",105055.,"F","HIDALGO","Anne",8348.,"M","JADOT","Yannick",28573.,"F","PÉCRESSE","Valérie",24812.,"M","POUTOU","Philippe",4158.,"M","DUPONT-AIGNAN","Nicolas",17009.
"68","Haut-Rhin","531738",137861.,393877.,6382.,2386.,385109.,"F","ARTHAUD","Nathalie",2265.,"M","ROUSSEL","Fabien",4649.,"M","MACRON","Emmanuel",107248.,"M","LASSALLE","Jean",11063.,"F","LE PEN","Marine",106937.,"M","ZEMMOUR","Éric",30284.,"M","MÉLENCHON","Jean-Luc",66238.,"F","HIDALGO","Anne",4881.,"M","JADOT","Yannick",18963.,"F","PÉCRESSE","Valérie",15994.,"M","POUTOU","Philippe",2842.,"M","DUPONT-AIGNAN","Nicolas",13745.
"69","Rhône","1181226",255580.,925646.,12708.,3925.,909013.,"F","ARTHAUD","Nathalie",3774.,"M","ROUSSEL","Fabien",15938.,"M","MACRON","Emmanuel",278243.,"M","LASSALLE","Jean",17572.,"F","LE PEN","Marine",150463.,"M","ZEMMOUR","Éric",74168.,"M","MÉLENCHON","Jean-Luc",229036.,"F","HIDALGO","Anne",15895.,"M","JADOT","Yannick",51907.,"F","PÉCRESSE","Valérie",50263.,"M","POUTOU","Philippe",5267.,"M","DUPONT-AIGNAN","Nicolas",16487.
"70","Haute-Saône","177715",39039.,138676.,2364.,1573.,134739.,"F","ARTHAUD","Nathalie",1171.,"M","ROUSSEL","Fabien",2836.,"M","MACRON","Emmanuel",30204.,"M","LASSALLE","Jean",4820.,"F","LE PEN","Marine",46618.,"M","ZEMMOUR","Éric",9675.,"M","MÉLENCHON","Jean-Luc",21089.,"F","HIDALGO","Anne",2345.,"M","JADOT","Yannick",4292.,"F","PÉCRESSE","Valérie",6754.,"M","POUTOU","Philippe",1295.,"M","DUPONT-AIGNAN","Nicolas",3640.
"71","Saône-et-Loire","402992",95369.,307623.,5923.,2400.,299300.,"F","ARTHAUD","Nathalie",1979.,"M","ROUSSEL","Fabien",7419.,"M","MACRON","Emmanuel",82633.,"M","LASSALLE","Jean",10186.,"F","LE PEN","Marine",81970.,"M","ZEMMOUR","Éric",20686.,"M","MÉLENCHON","Jean-Luc",52336.,"F","HIDALGO","Anne",6037.,"M","JADOT","Yannick",10730.,"F","PÉCRESSE","Valérie",15210.,"M","POUTOU","Philippe",2369.,"M","DUPONT-AIGNAN","Nicolas",7745.
"72","Sarthe","411308",105454.,305854.,6694.,2098.,297062.,"F","ARTHAUD","Nathalie",2150.,"M","ROUSSEL","Fabien",6908.,"M","MACRON","Emmanuel",83876.,"M","LASSALLE","Jean",7546.,"F","LE PEN","Marine",82234.,"M","ZEMMOUR","Éric",16218.,"M","MÉLENCHON","Jean-Luc",54244.,"F","HIDALGO","Anne",5409.,"M","JADOT","Yannick",13541.,"F","PÉCRESSE","Valérie",15937.,"M","POUTOU","Philippe",2505.,"M","DUPONT-AIGNAN","Nicolas",6494.
"73","Savoie","320709",68929.,251780.,3931.,1491.,246358.,"F","ARTHAUD","Nathalie",1205.,"M","ROUSSEL","Fabien",5536.,"M","MACRON","Emmanuel",64689.,"M","LASSALLE","Jean",8081.,"F","LE PEN","Marine",56733.,"M","ZEMMOUR","Éric",18045.,"M","MÉLENCHON","Jean-Luc",49858.,"F","HIDALGO","Anne",4418.,"M","JADOT","Yannick",15642.,"F","PÉCRESSE","Valérie",13608.,"M","POUTOU","Philippe",1849.,"M","DUPONT-AIGNAN","Nicolas",6694.
"74","Haute-Savoie","565665",129384.,436281.,6918.,2224.,427139.,"F","ARTHAUD","Nathalie",1880.,"M","ROUSSEL","Fabien",5997.,"M","MACRON","Emmanuel",130422.,"M","LASSALLE","Jean",13371.,"F","LE PEN","Marine",87744.,"M","ZEMMOUR","Éric",33353.,"M","MÉLENCHON","Jean-Luc",78062.,"F","HIDALGO","Anne",6606.,"M","JADOT","Yannick",29948.,"F","PÉCRESSE","Valérie",22349.,"M","POUTOU","Philippe",3232.,"M","DUPONT-AIGNAN","Nicolas",14175.
"75","Paris","1368025",296668.,1.071357e6,11028.,5267.,1.055062e6,"F","ARTHAUD","Nathalie",2891.,"M","ROUSSEL","Fabien",17267.,"M","MACRON","Emmanuel",372820.,"M","LASSALLE","Jean",12139.,"F","LE PEN","Marine",58429.,"M","ZEMMOUR","Éric",86088.,"M","MÉLENCHON","Jean-Luc",317372.,"F","HIDALGO","Anne",22901.,"M","JADOT","Yannick",80268.,"F","PÉCRESSE","Valérie",69564.,"M","POUTOU","Philippe",5732.,"M","DUPONT-AIGNAN","Nicolas",9591.
"76","Seine-Maritime","879252",222147.,657105.,10982.,3158.,642965.,"F","ARTHAUD","Nathalie",4433.,"M","ROUSSEL","Fabien",19896.,"M","MACRON","Emmanuel",179698.,"M","LASSALLE","Jean",13588.,"F","LE PEN","Marine",177806.,"M","ZEMMOUR","Éric",33361.,"M","MÉLENCHON","Jean-Luc",136136.,"F","HIDALGO","Anne",11139.,"M","JADOT","Yannick",24785.,"F","PÉCRESSE","Valérie",24281.,"M","POUTOU","Philippe",5477.,"M","DUPONT-AIGNAN","Nicolas",12365.
"77","Seine-et-Marne","899303",223172.,676131.,11057.,4145.,660929.,"F","ARTHAUD","Nathalie",3440.,"M","ROUSSEL","Fabien",12843.,"M","MACRON","Emmanuel",165208.,"M","LASSALLE","Jean",13797.,"F","LE PEN","Marine",155738.,"M","ZEMMOUR","Éric",47893.,"M","MÉLENCHON","Jean-Luc",170969.,"F","HIDALGO","Anne",7853.,"M","JADOT","Yannick",26718.,"F","PÉCRESSE","Valérie",36828.,"M","POUTOU","Philippe",4600.,"M","DUPONT-AIGNAN","Nicolas",15042.
"78","Yvelines","961245",211708.,749537.,9601.,3430.,736506.,"F","ARTHAUD","Nathalie",2774.,"M","ROUSSEL","Fabien",11721.,"M","MACRON","Emmanuel",246062.,"M","LASSALLE","Jean",13687.,"F","LE PEN","Marine",101398.,"M","ZEMMOUR","Éric",64407.,"M","MÉLENCHON","Jean-Luc",168585.,"F","HIDALGO","Anne",9046.,"M","JADOT","Yannick",40470.,"F","PÉCRESSE","Valérie",61296.,"M","POUTOU","Philippe",3963.,"M","DUPONT-AIGNAN","Nicolas",13097.
"79","Deux-Sèvres","273214",59403.,213811.,3839.,2168.,207804.,"F","ARTHAUD","Nathalie",1644.,"M","ROUSSEL","Fabien",4538.,"M","MACRON","Emmanuel",68446.,"M","LASSALLE","Jean",7014.,"F","LE PEN","Marine",47903.,"M","ZEMMOUR","Éric",8803.,"M","MÉLENCHON","Jean-Luc",39120.,"F","HIDALGO","Anne",4340.,"M","JADOT","Yannick",10074.,"F","PÉCRESSE","Valérie",9257.,"M","POUTOU","Philippe",2134.,"M","DUPONT-AIGNAN","Nicolas",4531.
"80","Somme","410056",102687.,307369.,4837.,3614.,298918.,"F","ARTHAUD","Nathalie",2486.,"M","ROUSSEL","Fabien",7706.,"M","MACRON","Emmanuel",83107.,"M","LASSALLE","Jean",7371.,"F","LE PEN","Marine",98024.,"M","ZEMMOUR","Éric",16885.,"M","MÉLENCHON","Jean-Luc",52343.,"F","HIDALGO","Anne",3746.,"M","JADOT","Yannick",8048.,"F","PÉCRESSE","Valérie",11380.,"M","POUTOU","Philippe",2206.,"M","DUPONT-AIGNAN","Nicolas",5616.
"81","Tarn","298178",62818.,235360.,3451.,2067.,229842.,"F","ARTHAUD","Nathalie",1175.,"M","ROUSSEL","Fabien",5313.,"M","MACRON","Emmanuel",53925.,"M","LASSALLE","Jean",17010.,"F","LE PEN","Marine",56543.,"M","ZEMMOUR","Éric",15982.,"M","MÉLENCHON","Jean-Luc",48430.,"F","HIDALGO","Anne",5818.,"M","JADOT","Yannick",8680.,"F","PÉCRESSE","Valérie",10014.,"M","POUTOU","Philippe",1829.,"M","DUPONT-AIGNAN","Nicolas",5123.
"82","Tarn-et-Garonne","188706",39625.,149081.,2169.,1092.,145820.,"F","ARTHAUD","Nathalie",679.,"M","ROUSSEL","Fabien",3628.,"M","MACRON","Emmanuel",31737.,"M","LASSALLE","Jean",9573.,"F","LE PEN","Marine",42183.,"M","ZEMMOUR","Éric",11772.,"M","MÉLENCHON","Jean-Luc",27881.,"F","HIDALGO","Anne",3069.,"M","JADOT","Yannick",4835.,"F","PÉCRESSE","Valérie",5994.,"M","POUTOU","Philippe",1057.,"M","DUPONT-AIGNAN","Nicolas",3412.
"83","Var","820904",211212.,609692.,7803.,3159.,598730.,"F","ARTHAUD","Nathalie",2098.,"M","ROUSSEL","Fabien",10672.,"M","MACRON","Emmanuel",142335.,"M","LASSALLE","Jean",17784.,"F","LE PEN","Marine",183287.,"M","ZEMMOUR","Éric",79329.,"M","MÉLENCHON","Jean-Luc",89272.,"F","HIDALGO","Anne",5703.,"M","JADOT","Yannick",21044.,"F","PÉCRESSE","Valérie",28342.,"M","POUTOU","Philippe",3578.,"M","DUPONT-AIGNAN","Nicolas",15286.
"84","Vaucluse","411607",101650.,309957.,4350.,1742.,303865.,"F","ARTHAUD","Nathalie",1221.,"M","ROUSSEL","Fabien",6247.,"M","MACRON","Emmanuel",66885.,"M","LASSALLE","Jean",9843.,"F","LE PEN","Marine",89413.,"M","ZEMMOUR","Éric",30473.,"M","MÉLENCHON","Jean-Luc",63049.,"F","HIDALGO","Anne",3769.,"M","JADOT","Yannick",12128.,"F","PÉCRESSE","Valérie",11918.,"M","POUTOU","Philippe",2023.,"M","DUPONT-AIGNAN","Nicolas",6896.
"85","Vendée","550963",120547.,430416.,7312.,3395.,419709.,"F","ARTHAUD","Nathalie",2647.,"M","ROUSSEL","Fabien",8153.,"M","MACRON","Emmanuel",149587.,"M","LASSALLE","Jean",13039.,"F","LE PEN","Marine",97280.,"M","ZEMMOUR","Éric",25663.,"M","MÉLENCHON","Jean-Luc",60524.,"F","HIDALGO","Anne",7244.,"M","JADOT","Yannick",19753.,"F","PÉCRESSE","Valérie",22534.,"M","POUTOU","Philippe",3621.,"M","DUPONT-AIGNAN","Nicolas",9664.
"86","Vienne","306011",68304.,237707.,4053.,2002.,231652.,"F","ARTHAUD","Nathalie",1715.,"M","ROUSSEL","Fabien",6412.,"M","MACRON","Emmanuel",67831.,"M","LASSALLE","Jean",7741.,"F","LE PEN","Marine",54214.,"M","ZEMMOUR","Éric",11939.,"M","MÉLENCHON","Jean-Luc",49162.,"F","HIDALGO","Anne",4542.,"M","JADOT","Yannick",10727.,"F","PÉCRESSE","Valérie",9959.,"M","POUTOU","Philippe",2315.,"M","DUPONT-AIGNAN","Nicolas",5095.
"87","Haute-Vienne","263742",55484.,208258.,3787.,2353.,202118.,"F","ARTHAUD","Nathalie",1457.,"M","ROUSSEL","Fabien",8030.,"M","MACRON","Emmanuel",54951.,"M","LASSALLE","Jean",9973.,"F","LE PEN","Marine",45357.,"M","ZEMMOUR","Éric",10796.,"M","MÉLENCHON","Jean-Luc",43137.,"F","HIDALGO","Anne",5654.,"M","JADOT","Yannick",7877.,"F","PÉCRESSE","Valérie",9544.,"M","POUTOU","Philippe",1787.,"M","DUPONT-AIGNAN","Nicolas",3555.
"88","Vosges","277913",68914.,208999.,3431.,1874.,203694.,"F","ARTHAUD","Nathalie",1569.,"M","ROUSSEL","Fabien",3847.,"M","MACRON","Emmanuel",51432.,"M","LASSALLE","Jean",7203.,"F","LE PEN","Marine",65646.,"M","ZEMMOUR","Éric",13184.,"M","MÉLENCHON","Jean-Luc",32655.,"F","HIDALGO","Anne",3114.,"M","JADOT","Yannick",7562.,"F","PÉCRESSE","Valérie",9344.,"M","POUTOU","Philippe",1986.,"M","DUPONT-AIGNAN","Nicolas",6152.
"89","Yonne","237957",57549.,180408.,2715.,1182.,176511.,"F","ARTHAUD","Nathalie",1203.,"M","ROUSSEL","Fabien",4023.,"M","MACRON","Emmanuel",42617.,"M","LASSALLE","Jean",5356.,"F","LE PEN","Marine",55164.,"M","ZEMMOUR","Éric",12941.,"M","MÉLENCHON","Jean-Luc",31601.,"F","HIDALGO","Anne",2286.,"M","JADOT","Yannick",5917.,"F","PÉCRESSE","Valérie",9322.,"M","POUTOU","Philippe",1487.,"M","DUPONT-AIGNAN","Nicolas",4594.
"90","Territoire de Belfort","93724",22238.,71486.,1242.,590.,69654.,"F","ARTHAUD","Nathalie",560.,"M","ROUSSEL","Fabien",1485.,"M","MACRON","Emmanuel",16768.,"M","LASSALLE","Jean",2000.,"F","LE PEN","Marine",19061.,"M","ZEMMOUR","Éric",5583.,"M","MÉLENCHON","Jean-Luc",14601.,"F","HIDALGO","Anne",1052.,"M","JADOT","Yannick",2798.,"F","PÉCRESSE","Valérie",3322.,"M","POUTOU","Philippe",603.,"M","DUPONT-AIGNAN","Nicolas",1821.
"91","Essonne","799500",192200.,607300.,8954.,3405.,594941.,"F","ARTHAUD","Nathalie",2831.,"M","ROUSSEL","Fabien",13480.,"M","MACRON","Emmanuel",164503.,"M","LASSALLE","Jean",11610.,"F","LE PEN","Marine",105862.,"M","ZEMMOUR","Éric",39284.,"M","MÉLENCHON","Jean-Luc",167310.,"F","HIDALGO","Anne",7944.,"M","JADOT","Yannick",29562.,"F","PÉCRESSE","Valérie",33046.,"M","POUTOU","Philippe",4306.,"M","DUPONT-AIGNAN","Nicolas",15203.
"92","Hauts-de-Seine","997667",208790.,788877.,11841.,2294.,774742.,"F","ARTHAUD","Nathalie",2306.,"M","ROUSSEL","Fabien",13170.,"M","MACRON","Emmanuel",287494.,"M","LASSALLE","Jean",11260.,"F","LE PEN","Marine",64812.,"M","ZEMMOUR","Éric",62761.,"M","MÉLENCHON","Jean-Luc",199640.,"F","HIDALGO","Anne",10518.,"M","JADOT","Yannick",47103.,"F","PÉCRESSE","Valérie",62231.,"M","POUTOU","Philippe",3704.,"M","DUPONT-AIGNAN","Nicolas",9743.
"93","Seine-Saint-Denis","793929",239927.,554002.,7607.,3244.,543151.,"F","ARTHAUD","Nathalie",2756.,"M","ROUSSEL","Fabien",11642.,"M","MACRON","Emmanuel",110118.,"M","LASSALLE","Jean",6805.,"F","LE PEN","Marine",64543.,"M","ZEMMOUR","Éric",27969.,"M","MÉLENCHON","Jean-Luc",266632.,"F","HIDALGO","Anne",5890.,"M","JADOT","Yannick",19352.,"F","PÉCRESSE","Valérie",17481.,"M","POUTOU","Philippe",3663.,"M","DUPONT-AIGNAN","Nicolas",6300.
"94","Val-de-Marne","796086",195409.,600677.,8501.,3118.,589058.,"F","ARTHAUD","Nathalie",2504.,"M","ROUSSEL","Fabien",14954.,"M","MACRON","Emmanuel",171409.,"M","LASSALLE","Jean",8944.,"F","LE PEN","Marine",69599.,"M","ZEMMOUR","Éric",43430.,"M","MÉLENCHON","Jean-Luc",192427.,"F","HIDALGO","Anne",8276.,"M","JADOT","Yannick",31904.,"F","PÉCRESSE","Valérie",32522.,"M","POUTOU","Philippe",3730.,"M","DUPONT-AIGNAN","Nicolas",9359.
"95","Val-d'Oise","733529",192853.,540676.,8027.,3064.,529585.,"F","ARTHAUD","Nathalie",2392.,"M","ROUSSEL","Fabien",10060.,"M","MACRON","Emmanuel",138166.,"M","LASSALLE","Jean",9101.,"F","LE PEN","Marine",91081.,"M","ZEMMOUR","Éric",37564.,"M","MÉLENCHON","Jean-Luc",175666.,"F","HIDALGO","Anne",6094.,"M","JADOT","Yannick",20710.,"F","PÉCRESSE","Valérie",26403.,"M","POUTOU","Philippe",3352.,"M","DUPONT-AIGNAN","Nicolas",8996.
"ZA","Guadeloupe","316023",174592.,141431.,2719.,3627.,135085.,"F","ARTHAUD","Nathalie",1084.,"M","ROUSSEL","Fabien",668.,"M","MACRON","Emmanuel",18137.,"M","LASSALLE","Jean",1033.,"F","LE PEN","Marine",24204.,"M","ZEMMOUR","Éric",3098.,"M","MÉLENCHON","Jean-Luc",75862.,"F","HIDALGO","Anne",2266.,"M","JADOT","Yannick",1927.,"F","PÉCRESSE","Valérie",3979.,"M","POUTOU","Philippe",713.,"M","DUPONT-AIGNAN","Nicolas",2114.
"ZB","Martinique","304594",174588.,130006.,4001.,3056.,122949.,"F","ARTHAUD","Nathalie",1447.,"M","ROUSSEL","Fabien",747.,"M","MACRON","Emmanuel",20043.,"M","LASSALLE","Jean",1162.,"F","LE PEN","Marine",16495.,"M","ZEMMOUR","Éric",3153.,"M","MÉLENCHON","Jean-Luc",65292.,"F","HIDALGO","Anne",3935.,"M","JADOT","Yannick",1978.,"F","PÉCRESSE","Valérie",4731.,"M","POUTOU","Philippe",977.,"M","DUPONT-AIGNAN","Nicolas",2989.
"ZC","Guyane","102993",65754.,37239.,825.,553.,35861.,"F","ARTHAUD","Nathalie",297.,"M","ROUSSEL","Fabien",246.,"M","MACRON","Emmanuel",5101.,"M","LASSALLE","Jean",516.,"F","LE PEN","Marine",6334.,"M","ZEMMOUR","Éric",1573.,"M","MÉLENCHON","Jean-Luc",18143.,"F","HIDALGO","Anne",535.,"M","JADOT","Yannick",940.,"F","PÉCRESSE","Valérie",997.,"M","POUTOU","Philippe",462.,"M","DUPONT-AIGNAN","Nicolas",717.
"ZD","La Réunion","675539",313159.,362380.,7361.,8253.,346766.,"F","ARTHAUD","Nathalie",3538.,"M","ROUSSEL","Fabien",3074.,"M","MACRON","Emmanuel",62542.,"M","LASSALLE","Jean",4844.,"F","LE PEN","Marine",85770.,"M","ZEMMOUR","Éric",13070.,"M","MÉLENCHON","Jean-Luc",139604.,"F","HIDALGO","Anne",5549.,"M","JADOT","Yannick",7994.,"F","PÉCRESSE","Valérie",9738.,"M","POUTOU","Philippe",2705.,"M","DUPONT-AIGNAN","Nicolas",8338.
"ZM","Mayotte","92187",55024.,37163.,922.,1191.,35050.,"F","ARTHAUD","Nathalie",430.,"M","ROUSSEL","Fabien",206.,"M","MACRON","Emmanuel",5936.,"M","LASSALLE","Jean",359.,"F","LE PEN","Marine",14958.,"M","ZEMMOUR","Éric",482.,"M","MÉLENCHON","Jean-Luc",8398.,"F","HIDALGO","Anne",318.,"M","JADOT","Yannick",295.,"F","PÉCRESSE","Valérie",2810.,"M","POUTOU","Philippe",328.,"M","DUPONT-AIGNAN","Nicolas",530.
"ZN","Nouvelle-Calédonie","218773",145807.,72966.,1777.,689.,70500.,"F","ARTHAUD","Nathalie",565.,"M","ROUSSEL","Fabien",399.,"M","MACRON","Emmanuel",28561.,"M","LASSALLE","Jean",1031.,"F","LE PEN","Marine",13273.,"M","ZEMMOUR","Éric",6435.,"M","MÉLENCHON","Jean-Luc",9711.,"F","HIDALGO","Anne",963.,"M","JADOT","Yannick",2161.,"F","PÉCRESSE","Valérie",4144.,"M","POUTOU","Philippe",560.,"M","DUPONT-AIGNAN","Nicolas",2697.
"ZP","Polynésie française","205576",142121.,63455.,1490.,1935.,60030.,"F","ARTHAUD","Nathalie",808.,"M","ROUSSEL","Fabien",368.,"M","MACRON","Emmanuel",24106.,"M","LASSALLE","Jean",610.,"F","LE PEN","Marine",11705.,"M","ZEMMOUR","Éric",4283.,"M","MÉLENCHON","Jean-Luc",7990.,"F","HIDALGO","Anne",865.,"M","JADOT","Yannick",2150.,"F","PÉCRESSE","Valérie",4725.,"M","POUTOU","Philippe",451.,"M","DUPONT-AIGNAN","Nicolas",1969.
"ZS","Saint-Pierre-et-Miquelon","5045",2272.,2773.,47.,25.,2701.,"F","ARTHAUD","Nathalie",22.,"M","ROUSSEL","Fabien",19.,"M","MACRON","Emmanuel",534.,"M","LASSALLE","Jean",108.,"F","LE PEN","Marine",459.,"M","ZEMMOUR","Éric",80.,"M","MÉLENCHON","Jean-Luc",1105.,"F","HIDALGO","Anne",75.,"M","JADOT","Yannick",116.,"F","PÉCRESSE","Valérie",51.,"M","POUTOU","Philippe",50.,"M","DUPONT-AIGNAN","Nicolas",82.
"ZW","Wallis et Futuna","9528",4125.,5403.,27.,17.,5359.,"F","ARTHAUD","Nathalie",98.,"M","ROUSSEL","Fabien",34.,"M","MACRON","Emmanuel",2115.,"M","LASSALLE","Jean",78.,"F","LE PEN","Marine",579.,"M","ZEMMOUR","Éric",118.,"M","MÉLENCHON","Jean-Luc",501.,"F","HIDALGO","Anne",118.,"M","JADOT","Yannick",72.,"F","PÉCRESSE","Valérie",1354.,"M","POUTOU","Philippe",48.,"M","DUPONT-AIGNAN","Nicolas",244.
"ZX","Saint-Martin/Saint-Barthélemy","24414",15812.,8602.,150.,84.,8368.,"F","ARTHAUD","Nathalie",41.,"M","ROUSSEL","Fabien",48.,"M","MACRON","Emmanuel",2070.,"M","LASSALLE","Jean",208.,"F","LE PEN","Marine",1445.,"M","ZEMMOUR","Éric",1107.,"M","MÉLENCHON","Jean-Luc",2354.,"F","HIDALGO","Anne",92.,"M","JADOT","Yannick",247.,"F","PÉCRESSE","Valérie",354.,"M","POUTOU","Philippe",63.,"M","DUPONT-AIGNAN","Nicolas",339.
"ZZ","Français établis hors de France","1435746",931455.,504291.,3193.,2147.,498951.,"F","ARTHAUD","Nathalie",1300.,"M","ROUSSEL","Fabien",3266.,"M","MACRON","Emmanuel",224957.,"M","LASSALLE","Jean",5964.,"F","LE PEN","Marine",26380.,"M","ZEMMOUR","Éric",43252.,"M","MÉLENCHON","Jean-Luc",109394.,"F","HIDALGO","Anne",12489.,"M","JADOT","Yannick",40774.,"F","PÉCRESSE","Valérie",20956.,"M","POUTOU","Philippe",3145.,"M","DUPONT-AIGNAN","Nicolas",7074.
